,dataset,lr,dropout,early_stopping,weight_decay,alpha,beta,gamma,norm_func_id,norm_layers,orders_func_id,orders,accuracy
0,film,0.5,0.9,40,0.0005,10.0,10.0,0.5,2,2,3,3,0.36401315789473687
1,film,0.01,0.9,40,0.0005,10.0,10.0,0.5,2,2,3,3,0.36644736842105263
2,film,0.05,0.9,40,0.0005,10.0,10.0,0.5,2,2,3,3,0.36927631578947373
3,film,0.1,0.9,40,0.0005,10.0,10.0,0.5,2,2,3,3,0.37
4,film,0.005,0.9,40,0.0005,10.0,10.0,0.5,2,2,3,3,0.37151315789473677
5,film,0.001,0.9,40,0.0005,10.0,10.0,0.5,2,2,3,3,0.3726973684210526
